{"cameraMode":{"drawMode":0,"name":"Shaded","section":"Shading Mode"},"sceneLighting":false,"audioPlay":false,"sceneViewState":{"m_AlwaysRefresh":false,"showFog":true,"showSkybox":false,"showFlares":true,"showImageEffects":true,"showParticleSystems":true,"showVisualEffectGraphs":true,"m_FxEnabled":true},"in2DMode":false,"pivot":{"x":-0.018762588500976564,"y":1.130000114440918,"z":0.6812373995780945},"rotation":{"x":-0.038751013576984408,"y":0.668561577796936,"z":0.03492525592446327,"w":0.7418308854103088},"size":2.292588233947754,"orthographic":false}