{"cameraMode":{"drawMode":0,"name":"Shaded","section":"Shading Mode"},"sceneLighting":true,"audioPlay":false,"sceneViewState":{"m_AlwaysRefresh":false,"showFog":true,"showSkybox":true,"showFlares":true,"showImageEffects":true,"showParticleSystems":true,"showVisualEffectGraphs":true,"m_FxEnabled":true},"in2DMode":false,"pivot":{"x":-2.1882996559143068,"y":-1.2132525444030762,"z":88.73845672607422},"rotation":{"x":0.07970207184553147,"y":-0.023926230147480966,"z":0.0019129044376313687,"w":0.9965299367904663},"size":12.857474327087403,"orthographic":false}